,DrugID,DiseaseID
0,DB00657,D103780
1,DB00284,D125853
2,DB00284,D125850
3,DB00284,D125851
4,DB00284,D600496
5,DB01192,D608622
6,DB01192,D161900
7,DB00315,D145590
8,DB00315,D147530
9,DB00315,D157300
10,DB00315,D608088
11,DB00315,D140600
12,DB00816,D147480
13,DB00816,D217200
14,DB00816,D600351
15,DB00816,D215140
16,DB00816,D239350
17,DB00816,D243200
18,DB00413,D125853
19,DB00413,D125850
20,DB00413,D125851
21,DB00413,D600496
22,DB01062,D181500
23,DB00783,D268320
24,DB00210,D604416
25,DB00637,D194200
26,DB00131,D194200
27,DB00240,D233810
28,DB00627,D102500
29,DB00627,D167320
30,DB00627,D150600
31,DB00627,D166710
32,DB00627,D602080
33,DB00343,D200170
34,DB00343,D147530
35,DB00343,D600082
36,DB06287,D608622
37,DB06287,D145500
38,DB06287,D161900
39,DB00521,D148000
40,DB00436,D602068
41,DB00436,D310468
42,DB00917,D157300
43,DB00968,D260570
44,DB00401,D252320
45,DB00401,D167870
46,DB00912,D126200
47,DB00912,D168100
48,DB00912,D119500
49,DB01120,D254200
50,DB01142,D276300
51,DB00593,D208300
52,DB00593,D215140
53,DB00593,D608622
54,DB00593,D161900
55,DB00356,D268320
56,DB01222,D208550
57,DB01222,D600807
58,DB01222,D210050
59,DB01115,D115000
60,DB00320,D144110
61,DB00320,D147530
62,DB00320,D252320
63,DB00380,D125310
64,DB00380,D608320
65,DB00380,D608622
66,DB00380,D145500
67,DB00380,D179600
68,DB00380,D161900
69,DB01327,D217200
70,DB01327,D239350
71,DB00182,D143465
72,DB01410,D212110
73,DB01216,D114480
74,DB01216,D174800
75,DB01124,D607554
76,DB00712,D168100
77,DB00712,D168600
78,DB00404,D188050
79,DB00278,D188050
80,DB01235,D164230
81,DB01235,D181500
82,DB01167,D276300
83,DB00939,D107320
84,DB00939,D208230
85,DB00939,D125310
86,DB00939,D145590
87,DB00939,D147530
88,DB00939,D150600
89,DB00939,D157300
90,DB00939,D165720
91,DB00939,D140600
92,DB00939,D607850
93,DB00939,D607459
94,DB00939,D601367
95,DB00939,D152700
96,DB00636,D147540
97,DB01070,D109100
98,DB00334,D110100
99,DB00334,D157700
100,DB00289,D143465
101,DB01075,D144010
102,DB00571,D226150
103,DB00571,D190310
104,DB00993,D134750
105,DB00927,D247200
106,DB00927,D258360
107,DB00927,D601004
108,DB00992,D208920
109,DB00992,D233810
110,DB00992,D266600
111,DB00992,D126200
112,DB00992,D254200
113,DB00992,D160300
114,DB00992,D181000
115,DB00992,D152700
116,DB00992,D188030
117,DB00547,D604416
118,DB00181,D601042
119,DB00181,D128101
120,DB00181,D143100
121,DB00181,D147530
122,DB00181,D126200
123,DB00181,D607225
124,DB00181,D189600
125,DB00181,D190400
126,DB01009,D266600
127,DB00393,D208550
128,DB00393,D600807
129,DB00541,D608622
130,DB00541,D146255
131,DB00541,D161900
132,DB00434,D600351
133,DB00434,D215140
134,DB00434,D608622
135,DB00434,D256370
136,DB00434,D161900
137,DB01085,D147530
138,DB01085,D166760
139,DB00865,D608088
140,DB00864,D303110
141,DB00864,D601665
142,DB00864,D264120
143,DB00765,D145590
144,DB00245,D125320
145,DB00245,D168100
146,DB00245,D168600
147,DB01242,D608622
148,DB01242,D161900
149,DB00441,D603165
150,DB00441,D125600
151,DB00441,D133600
152,DB00441,D151590
153,DB00195,D137750
154,DB00195,D608622
155,DB00195,D161900
156,DB01018,D109350
157,DB01018,D157950
158,DB01018,D191800
159,DB00307,D276300
160,DB00307,D254400
161,DB01125,D176807
162,DB00904,D137750
163,DB00904,D601682
164,DB00904,D137760
165,DB00904,D161900
166,DB00808,D125320
167,DB00808,D168100
168,DB01291,D600263
169,DB00611,D110100
170,DB00611,D157700
171,DB00899,D208550
172,DB00899,D600807
173,DB00290,D236000
174,DB00290,D109543
175,DB00290,D247640
176,DB00290,D155601
177,DB00290,D155600
178,DB00290,D267730
179,DB00290,D273300
180,DB00188,D254500
181,DB00557,D178600
182,DB00557,D161900
183,DB00482,D137750
184,DB00482,D601682
185,DB00482,D137760
186,DB00482,D161900
187,DB01193,D137750
188,DB01193,D601682
189,DB01193,D137760
190,DB01193,D161900
191,DB00960,D212350
192,DB00960,D115645
193,DB01197,D168100
194,DB00353,D145590
195,DB01221,D208550
196,DB01221,D600807
197,DB01221,D210050
198,DB01221,D266600
199,DB01221,D191390
200,DB00884,D203700
201,DB00884,D208300
202,DB00884,D210050
203,DB00884,D600351
204,DB00884,D215140
205,DB00884,D608622
206,DB00884,D146255
207,DB00884,D256370
208,DB00884,D166300
209,DB00884,D161900
210,DB00297,D147530
211,DB00918,D147530
212,DB01151,D143465
213,DB01151,D167870
214,DB01151,D264120
215,DB00489,D104130
216,DB00489,D156190
217,DB00489,D165150
218,DB00489,D259050
219,DB00489,D167870
220,DB00489,D300232
221,DB01006,D223350
222,DB01006,D246470
223,DB01006,D276300
224,DB01006,D254450
225,DB01006,D263300
226,DB00241,D145590
227,DB00241,D157300
228,DB00608,D147530
229,DB00248,D600634
230,DB00201,D136200
231,DB00201,D145590
232,DB00201,D147530
233,DB00201,D157300
234,DB00201,D140600
235,DB00136,D146255
236,DB00136,D277440
237,DB00136,D277460
238,DB11750,D608622
239,DB11750,D161900
240,DB01099,D114480
241,DB01099,D114500
242,DB01099,D137215
243,DB01099,D276300
244,DB01099,D176807
245,DB01099,D144700
246,DB01196,D602522
247,DB01196,D600351
248,DB01196,D215140
249,DB01196,D608622
250,DB01196,D146255
251,DB01196,D179600
252,DB01196,D161900
253,DB00563,D104130
254,DB00563,D128101
255,DB00563,D165199
256,DB00563,D102300
257,DB00563,D181500
258,DB00563,D190400
259,DB00190,D125320
260,DB00190,D168100
261,DB00190,D168600
262,DB00190,D102300
263,DB00957,D109800
264,DB00957,D133239
265,DB00957,D276300
266,DB00957,D259500
267,DB00262,D137800
268,DB00262,D236000
269,DB00262,D109543
270,DB00262,D247640
271,DB00262,D276300
272,DB00262,D254500
273,DB00262,D267730
274,DB00519,D137750
275,DB00519,D608622
276,DB00519,D161900
277,DB01133,D607554
278,DB01133,D608622
279,DB01133,D161900
280,DB01320,D600803
281,DB00533,D208550
282,DB00533,D166760
283,DB00481,D175100
284,DB00481,D208230
285,DB00481,D135550
286,DB00481,D147530
287,DB00481,D246470
288,DB00481,D165720
289,DB00481,D140600
290,DB00481,D607850
291,DB00481,D175505
292,DB00481,D607459
293,DB00472,D103780
294,DB00472,D226150
295,DB01157,D147530
296,DB00605,D181000
297,DB00876,D203700
298,DB00876,D210050
299,DB00876,D600351
300,DB00876,D215140
301,DB00876,D608622
302,DB00876,D256370
303,DB00876,D161900
304,DB00476,D145590
305,DB00476,D181500
306,DB00669,D125853
307,DB00669,D125850
308,DB00669,D125851
309,DB00669,D600496
310,DB00310,D608622
311,DB00310,D161900
312,DB00354,D147530
313,DB00169,D102500
314,DB00169,D266600
315,DB00169,D166710
316,DB00122,D208230
317,DB00122,D147530
318,DB00122,D165720
319,DB00122,D140600
320,DB00122,D607850
321,DB00122,D607459
322,DB01406,D208550
323,DB01186,D114580
324,DB01186,D125600
325,DB00500,D109350
326,DB00500,D304790
327,DB00500,D264120
328,DB00500,D190310
329,DB00536,D208550
330,DB00536,D145590
331,DB00536,D266600
332,DB00536,D258360
333,DB00536,D166760
334,DB00603,D304790
335,DB00514,D109800
336,DB00514,D133239
337,DB00514,D236000
338,DB00514,D276300
339,DB00514,D254500
340,DB00514,D256700
341,DB00514,D259500
342,DB00514,D182280
343,DB00514,D273300
344,DB00215,D103780
345,DB00215,D131300
346,DB00215,D225755
347,DB00215,D608033
348,DB00215,D225740
349,DB00215,D164230
350,DB00215,D167870
351,DB00215,D260970
352,DB00215,D182830
353,DB03904,D310468
354,DB03904,D179800
355,DB03904,D179830
356,DB03904,D604278
357,DB00242,D109543
358,DB00242,D151400
359,DB00242,D276300
360,DB00242,D126200
361,DB00242,D258360
362,DB00767,D226150
363,DB00767,D191390
364,DB09026,D125600
365,DB09026,D151590
366,DB00630,D247640
367,DB00635,D144650
368,DB00881,D270960
369,DB01241,D164230
370,DB01241,D167870
371,DB01067,D102100
372,DB01067,D208230
373,DB01067,D254770
374,DB01067,D254800
375,DB01067,D165720
376,DB01067,D140600
377,DB01067,D607850
378,DB01067,D167870
379,DB01067,D102300
380,DB01067,D181500
381,DB01067,D607459
382,DB00573,D607554
383,DB00573,D143465
384,DB00573,D601042
385,DB00573,D137580
386,DB00573,D144110
387,DB00573,D608622
388,DB00573,D147530
389,DB00573,D171300
390,DB00573,D161900
391,DB00573,D102300
392,DB00757,D125310
393,DB00757,D540000
394,DB00757,D601367
395,DB00257,D114580
396,DB00257,D212050
397,DB00361,D181500
398,DB00906,D147530
399,DB00906,D608088
400,DB00316,D145590
401,DB00316,D608088
402,DB00316,D140600
403,DB01367,D249100
404,DB00286,D102500
405,DB00286,D114480
406,DB00286,D215470
407,DB00286,D311360
408,DB00286,D176807
409,DB00286,D601518
410,DB00286,D192000
411,DB01002,D208550
412,DB01002,D600807
413,DB01002,D191390
414,DB00115,D170900
415,DB01175,D145590
416,DB00921,D200170
417,DB00921,D601042
418,DB00921,D147530
419,DB00921,D157300
420,DB00921,D160750
421,DB00091,D254200
422,DB00091,D152700
423,DB00433,D606798
424,DB00433,D113610
425,DB00433,D218200
426,DB00433,D606703
427,DB00433,D147540
428,DB00433,D157300
429,DB00433,D300125
430,DB00433,D181500
431,DB00433,D312910
432,DB00983,D223350
433,DB00983,D236000
434,DB00983,D246470
435,DB00983,D601626
436,DB00983,D109543
437,DB00983,D247640
438,DB00983,D276300
439,DB00983,D267730
440,DB00848,D236000
441,DB00848,D155601
442,DB00848,D155600
443,DB00848,D276300
444,DB00848,D256700
445,DB00848,D268220
446,DB01403,D131200
447,DB01403,D600351
448,DB01403,D215140
449,DB01403,D601608
450,DB01217,D125310
451,DB01217,D601042
452,DB01217,D217150
453,DB01217,D238800
454,DB01217,D145600
455,DB01217,D154276
456,DB01217,D540000
457,DB01217,D126200
458,DB01217,D607225
459,DB01217,D601367
460,DB01248,D223350
461,DB01248,D247640
462,DB01248,D276300
463,DB00692,D223350
464,DB00692,D148000
465,DB00692,D601626
466,DB00692,D247640
467,DB00692,D276300
468,DB01261,D247200
469,DB01261,D601004
470,DB01188,D608622
471,DB01188,D147530
472,DB01188,D161900
473,DB01148,D143465
474,DB01148,D147530
475,DB00035,D125700
476,DB00035,D304900
477,DB00035,D600631
478,DB00035,D600808
479,DB00035,D134430
480,DB00304,D131200
481,DB00304,D184700
482,DB00304,D192000
483,DB01259,D233810
484,DB00545,D233810
485,DB01233,D208550
486,DB01233,D125600
487,DB01233,D223350
488,DB01233,D600351
489,DB01233,D133600
490,DB01233,D233810
491,DB01233,D215140
492,DB01233,D145590
493,DB01233,D153880
494,DB01233,D276300
495,DB01233,D254400
496,DB01233,D166760
497,DB01233,D181000
498,DB01233,D601608
499,DB01233,D152700
500,DB01233,D188030
501,DB00379,D208750
502,DB00379,D212130
503,DB00379,D212112
504,DB00379,D212350
505,DB00379,D225740
506,DB00379,D305300
507,DB00379,D226000
508,DB01551,D143465
509,DB01551,D136200
510,DB00508,D145590
511,DB00508,D608088
512,DB00822,D601042
513,DB00822,D217200
514,DB00822,D156000
515,DB00524,D147530
516,DB00585,D106400
517,DB00585,D208230
518,DB00585,D308205
519,DB00585,D147530
520,DB00585,D150600
521,DB00585,D165720
522,DB00585,D140600
523,DB00585,D607850
524,DB00585,D607459
525,DB00800,D600351
526,DB00800,D304790
527,DB00936,D601665
528,DB00936,D264120
529,DB00255,D276300
530,DB00860,D208230
531,DB00860,D147530
532,DB00860,D165720
533,DB00860,D140600
534,DB00860,D607850
535,DB00860,D607459
536,DB00388,D608583
537,DB00388,D607554
538,DB01427,D608088
539,DB00318,D145590
540,DB00318,D157300
541,DB00318,D300125
542,DB01069,D146255
543,DB01069,D241519
544,DB00342,D608583
545,DB00342,D607554
546,DB00342,D608622
547,DB00342,D179600
548,DB00342,D161900
549,DB00915,D231090
550,DB01073,D145590
551,DB01073,D147540
552,DB01073,D158280
553,DB01073,D608088
554,DB01229,D145590
555,DB01229,D156000
556,DB00448,D137750
557,DB00448,D601682
558,DB00448,D137760
559,DB00448,D161900
560,DB00969,D601367
561,DB00280,D115000
562,DB00820,D103780
563,DB00313,D157300
564,DB00313,D300125
565,DB01244,D114480
566,DB01244,D137215
567,DB01244,D155601
568,DB01244,D155600
569,DB01244,D276300
570,DB01244,D176807
571,DB00204,D608583
572,DB00204,D607554
573,DB00204,D115000
574,DB00755,D145590
575,DB00839,D605055
576,DB00839,D104300
577,DB00839,D125320
578,DB00987,D146255
579,DB00987,D310468
580,DB00987,D166300
581,DB00987,D161900
582,DB00868,D137750
583,DB00868,D601682
584,DB00868,D137760
585,DB00868,D161900
586,DB00588,D200170
587,DB00588,D608622
588,DB00588,D147530
589,DB00588,D600082
590,DB00588,D179600
591,DB00588,D161900
592,DB01137,D603165
593,DB01137,D147530
594,DB00996,D109800
595,DB00996,D114480
596,DB00996,D137215
597,DB00996,D236000
598,DB00996,D601626
599,DB00996,D211980
600,DB00996,D247640
601,DB00996,D276300
602,DB00996,D254500
603,DB00996,D256700
604,DB00996,D259500
605,DB00996,D268220
606,DB00996,D188470
607,DB00996,D194070
608,DB00364,D145590
609,DB00364,D147540
610,DB01394,D184700
611,DB01394,D604416
612,DB00475,D147530
613,DB00475,D165199
614,DB00650,D208550
615,DB00650,D600807
616,DB00650,D210050
617,DB00216,D157300
618,DB00216,D607498
619,DB00216,D607508
620,DB00216,D607516
621,DB00216,D607501
622,DB00216,D300125
623,DB00583,D608622
624,DB00583,D146255
625,DB01225,D115000
626,DB01224,D231200
627,DB01224,D155100
628,DB01224,D273800
629,DB01224,D188050
630,DB00492,D168100
631,DB00492,D168600
632,DB01359,D208550
633,DB01359,D600807
634,DB00661,D208550
635,DB00661,D600807
636,DB00661,D137750
637,DB00661,D601682
638,DB00661,D137760
639,DB00661,D147540
640,DB00444,D114480
641,DB00444,D276300
642,DB01238,D178600
643,DB01238,D161900
644,DB01238,D188030
645,DB00871,D608622
646,DB00871,D161900
647,DB00153,D146255
648,DB00153,D241519
649,DB00153,D259660
650,DB00153,D277440
651,DB00695,D157300
652,DB00695,D300125
653,DB00527,D144700
654,DB00199,D604416
655,DB01174,D164230
656,DB00187,D608622
657,DB00187,D161900
658,DB00734,D109350
659,DB00734,D600263
660,DB00734,D190310
661,DB00776,D102500
662,DB00776,D114480
663,DB00776,D215470
664,DB00776,D311360
665,DB00776,D176807
666,DB01195,D176807
667,DB01195,D601518
668,DB00654,D215470
669,DB00654,D311360
670,DB00901,D203700
671,DB00901,D208300
672,DB00901,D210050
673,DB00901,D600351
674,DB00901,D215140
675,DB00901,D608622
676,DB00901,D256370
677,DB00901,D161900
678,DB00889,D147530
679,DB00975,D102500
680,DB00975,D215470
681,DB00975,D131200
682,DB00975,D184700
683,DB00975,D311360
684,DB00975,D604416
685,DB00975,D192000
686,DB00591,D217200
687,DB00750,D217200
688,DB00750,D239350
689,DB00747,D208230
690,DB00747,D147530
691,DB00747,D165720
692,DB00747,D140600
693,DB00747,D607850
694,DB00747,D607459
695,DB00771,D236000
696,DB00771,D276300
697,DB00771,D182280
698,DB00771,D273300
699,DB01579,D605839
700,DB01579,D144700
701,DB00989,D114480
702,DB00925,D109350
703,DB00925,D600263
704,DB00925,D304790
705,DB00925,D190310
706,DB00947,D102100
707,DB01020,D608622
708,DB01020,D179600
709,DB01020,D161900
710,DB01035,D144010
711,DB01035,D144650
712,DB00795,D608622
713,DB00795,D161900
714,DB00572,D208230
715,DB00572,D147530
716,DB00572,D165720
717,DB00572,D140600
718,DB00572,D607850
719,DB00572,D607459
720,DB00810,D147530
721,DB01214,D200170
722,DB01214,D109200
723,DB01214,D104130
724,DB01214,D147530
725,DB01214,D600082
726,DB01143,D231200
727,DB01143,D155100
728,DB01143,D273800
729,DB01194,D607554
730,DB01098,D114580
731,DB01098,D212050
732,DB01072,D223350
733,DB01072,D236000
734,DB01072,D109543
735,DB01072,D151400
736,DB01072,D247640
737,DB01072,D276300
738,DB01072,D267730
739,DB00686,D157700
740,DB00686,D252320
741,DB00180,D208550
742,DB00180,D600807
743,DB00590,D603165
744,DB00323,D278200
745,DB00542,D106400
746,DB00542,D114480
747,DB00542,D114500
748,DB00542,D137215
749,DB00542,D276300
750,DB00471,D607499
751,DB00471,D131300
752,DB00471,D252320
753,DB00471,D164230
754,DB00471,D167870
755,DB00471,D181500
756,DB01182,D114480
757,DB01182,D215470
758,DB01182,D241100
759,DB00622,D181500
760,DB00844,D233810
761,DB00710,D103100
762,DB00710,D208230
763,DB00710,D153880
764,DB00710,D165720
765,DB00710,D140600
766,DB00710,D607850
767,DB00710,D607459
768,DB00497,D176807
769,DB00586,D208550
770,DB00586,D600807
771,DB01088,D144010
772,DB00176,D164230
773,DB00176,D167870
774,DB00564,D188050
775,DB00982,D208550
776,DB00982,D600807
777,DB00982,D210050
778,DB00491,D608622
779,DB00491,D146255
780,DB00491,D161900
781,DB01296,D217200
782,DB01296,D239350
783,DB00997,D157300
784,DB00945,D114480
785,DB01623,D206200
786,DB00694,D203700
787,DB00694,D208300
788,DB00694,D210050
789,DB00694,D600351
790,DB00694,D215140
791,DB00694,D143880
792,DB00694,D608622
793,DB00694,D146255
794,DB00694,D256370
795,DB00694,D166300
796,DB00694,D161900
797,DB00995,D208700
798,DB00995,D600131
799,DB00995,D607681
800,DB00995,D607628
801,DB00995,D604827
802,DB00995,D607682
803,DB00995,D607631
804,DB00995,D608105
805,DB00995,D300491
806,DB00995,D144110
807,DB00995,D147530
808,DB00995,D157300
809,DB00995,D165199
810,DB00995,D102300
811,DB00995,D267740
812,DB00995,D190300
813,DB00672,D605055
814,DB00672,D104300
815,DB00672,D125320
816,DB00440,D114480
817,DB00440,D605839
818,DB00440,D144700
819,DB01240,D144010
820,DB01240,D144650
821,DB01240,D260480
822,DB04861,D126200
823,DB01014,D125853
824,DB01014,D125850
825,DB01014,D125851
826,DB01014,D600496
827,DB01118,D125853
828,DB00222,D125853
829,DB00222,D125850
830,DB00222,D125851
831,DB00222,D600496
832,DB01064,D125853
833,DB01064,D125850
834,DB01064,D125851
835,DB01064,D600496
836,DB01294,D208230
837,DB01294,D165720
838,DB01294,D140600
839,DB01294,D607850
840,DB01294,D607459
841,DB00642,D146110
842,DB00014,D114480
843,DB00014,D131200
844,DB00014,D176807
845,DB00014,D601518
846,DB00887,D145590
847,DB00226,D608622
848,DB00226,D161900
849,DB01169,D608622
850,DB01169,D161900
851,DB01017,D143465
852,DB01017,D608622
853,DB01017,D161900
854,DB00535,D113610
855,DB00535,D218200
856,DB00535,D312910
857,DB00594,D233810
858,DB00501,D127750
859,DB00501,D137580
860,DB00501,D181500
861,DB00501,D182830
862,DB01105,D125310
863,DB01105,D540000
864,DB01105,D601367
865,DB01268,D608622
866,DB01268,D145500
867,DB01268,D161900
868,DB00998,D102500
869,DB00998,D208300
870,DB00998,D125700
871,DB00998,D600351
872,DB00998,D215140
873,DB00998,D608622
874,DB00998,D161900
875,DB00953,D147530
876,DB00953,D608088
877,DB00736,D125600
878,DB00736,D233810
879,DB00736,D166760
880,DB00325,D147530
881,DB00325,D608088
882,DB01003,D605839
883,DB01003,D155601
884,DB01003,D155600
885,DB01003,D276300
886,DB01003,D263300
887,DB01003,D144700
888,DB01003,D187950
889,DB00555,D145590
890,DB00555,D147530
891,DB00422,D200170
892,DB00422,D226150
893,DB00422,D144110
894,DB00422,D260570
895,DB00422,D190310
896,DB00707,D102500
897,DB00707,D166710
898,DB01045,D208230
899,DB01045,D145590
900,DB01045,D147530
901,DB01045,D150600
902,DB01045,D252320
903,DB01045,D165720
904,DB01045,D140600
905,DB01045,D607850
906,DB01045,D607459
907,DB00308,D608583
908,DB00308,D607554
909,DB01176,D223350
910,DB01176,D601626
911,DB01176,D247640
912,DB01177,D236000
913,DB01177,D109543
914,DB01177,D151400
915,DB01177,D247640
916,DB01177,D276300
917,DB01177,D273300
918,DB01086,D608622
919,DB01086,D145500
920,DB01086,D178600
921,DB01086,D161900
922,DB00612,D607685
923,DB00612,D247640
924,DB00612,D276300
925,DB00612,D131440
926,DB00457,D143465
927,DB00457,D600631
928,DB00457,D600808
929,DB00457,D147530
930,DB00457,D167870
931,DB00722,D106400
932,DB00806,D600351
933,DB00806,D215140
934,DB00806,D608622
935,DB00806,D256370
936,DB00806,D161900
937,DB00327,D208230
938,DB00327,D602522
939,DB00327,D133600
940,DB00327,D133690
941,DB00327,D263800
942,DB00327,D147530
943,DB00327,D246400
944,DB00327,D157300
945,DB00327,D165720
946,DB00327,D140600
947,DB00327,D607850
948,DB00327,D607459
949,DB00331,D208550
950,DB00331,D600807
951,DB00331,D210050
952,DB01023,D125853
953,DB01023,D608622
954,DB01023,D146255
955,DB01023,D125850
956,DB01023,D125851
957,DB01023,D600496
958,DB01023,D161900
959,DB00759,D114500
960,DB00759,D223350
961,DB00759,D246470
962,DB00759,D276300
963,DB00221,D208550
964,DB00221,D600807
965,DB00221,D210050
966,DB01063,D208550
967,DB01063,D600807
968,DB01063,D115000
969,DB00882,D608320
970,DB00882,D109350
971,DB00882,D178600
972,DB00882,D161900
973,DB01019,D608320
974,DB01019,D109350
975,DB00977,D601626
976,DB00977,D604416
977,DB00270,D608622
978,DB00270,D179600
979,DB00270,D161900
980,DB01165,D114580
981,DB01165,D212050
982,DB01165,D602068
983,DB01165,D258360
984,DB01219,D147530
985,DB01008,D208230
986,DB01008,D145590
987,DB01008,D165720
988,DB01008,D140600
989,DB01008,D607850
990,DB01008,D607459
991,DB00464,D308205
992,DB00464,D147530
993,DB00596,D110100
994,DB00596,D608622
995,DB00596,D157700
996,DB00596,D171300
997,DB00596,D161900
998,DB00160,D261515
999,DB00554,D102100
1000,DB00554,D217200
1001,DB00554,D239350
1002,DB00554,D181500
1003,DB00445,D109350
1004,DB00445,D600263
1005,DB00445,D190310
1006,DB01255,D114480
1007,DB01255,D276300
1008,DB00125,D220120
1009,DB00653,D137750
1010,DB00653,D601682
1011,DB00653,D137760
1012,DB00653,D161900
1013,DB00580,D212140
1014,DB00477,D254500
1015,DB01005,D114480
1016,DB00647,D114500
1017,DB00647,D259500
1018,DB00647,D176800
1019,DB00007,D131200
1020,DB00007,D150699
1021,DB00007,D175510
1022,DB00007,D176807
1023,DB00007,D601518
1024,DB00007,D600082
1025,DB00007,D604416
1026,DB00846,D276300
1027,DB01200,D217200
1028,DB01200,D600131
1029,DB01200,D607681
1030,DB01200,D607628
1031,DB01200,D604827
1032,DB01200,D607682
1033,DB01200,D607631
1034,DB01200,D608105
1035,DB01200,D300491
1036,DB01200,D239350
1037,DB01204,D231200
1038,DB01204,D137750
1039,DB01204,D155100
1040,DB01204,D161900
1041,DB01204,D273800
1042,DB01001,D147530
1043,DB01234,D168100
1044,DB01234,D102300
1045,DB01136,D208550
1046,DB01136,D166760
1047,DB00366,D131200
1048,DB00366,D184700
1049,DB00366,D192000
1050,DB00449,D138800
1051,DB00449,D275000
1052,DB00449,D140300
1053,DB00449,D255900
1054,DB00281,D147530
1055,DB00279,D138800
1056,DB00279,D275000
1057,DB00279,D140300
1058,DB00279,D255900
1059,DB01254,D300494
1060,DB01254,D143465
1061,DB00721,D125310
1062,DB00721,D608320
1063,DB00721,D608622
1064,DB00721,D146255
1065,DB00721,D161900
1066,DB00167,D225755
1067,DB00167,D608033
1068,DB00167,D225740
1069,DB00167,D260970
1070,DB01351,D181500
1071,DB00186,D252320
1072,DB00186,D167870
1073,DB00186,D189600
1074,DB00675,D608622
1075,DB00675,D145500
1076,DB00675,D146255
1077,DB00675,D161900
1078,DB00227,D608320
1079,DB00227,D144010
1080,DB00407,D181500
1081,DB13919,D109350
1082,DB13919,D190310
1083,DB00652,D217200
1084,DB00652,D127350
1085,DB00652,D239350
1086,DB00652,D248190
1087,DB00652,D189800
1088,DB00468,D109100
1089,DB00179,D106400
1090,DB00655,D137580
1091,DB00655,D608622
1092,DB00655,D145500
1093,DB00655,D161900
1094,DB00938,D147530
1095,DB00598,D102500
1096,DB00598,D131200
1097,DB00598,D605839
1098,DB00598,D144700
1099,DB00598,D192000
1100,DB00350,D109100
1101,DB00350,D114480
1102,DB00350,D192000
1103,DB00813,D208230
1104,DB00813,D133690
1105,DB00813,D165720
1106,DB00813,D140600
1107,DB00813,D607850
1108,DB00813,D607459
1109,DB01041,D254500
1110,DB01041,D256700
1111,DB01041,D268220
1112,DB01042,D605055
1113,DB01042,D104300
1114,DB01042,D125320
1115,DB00451,D147530
1116,DB00530,D104130
1117,DB00368,D200170
1118,DB00368,D601042
1119,DB00368,D145590
1120,DB01030,D266600
1121,DB01030,D191390
1122,DB01030,D109543
1123,DB01030,D151400
1124,DB01030,D247640
1125,DB00244,D266600
1126,DB00929,D181500
1127,DB00328,D125853
1128,DB00328,D125850
1129,DB00328,D125851
1130,DB00328,D600496
1131,DB00328,D184700
1132,DB00328,D176800
1133,DB00332,D147530
1134,DB01576,D143465
1135,DB01576,D303110
1136,DB01576,D601665
1137,DB01576,D264120
1138,DB00762,D275000
1139,DB00559,D208920
1140,DB00559,D109800
1141,DB00559,D114480
1142,DB00559,D114500
1143,DB00559,D223350
1144,DB00559,D133239
1145,DB00559,D137215
1146,DB00559,D233810
1147,DB00559,D236000
1148,DB00559,D231090
1149,DB00559,D246470
1150,DB00559,D601626
1151,DB00559,D109543
1152,DB00559,D151590
1153,DB00559,D247640
1154,DB00559,D276300
1155,DB00559,D254400
1156,DB00559,D259500
1157,DB00559,D267730
1158,DB00559,D268220
1159,DB00559,D182280
1160,DB00559,D273300
1161,DB01400,D147530
1162,DB00232,D215140
1163,DB00991,D106400
1164,DB00966,D608622
1165,DB00966,D161900
1166,DB00352,D157300
1167,DB00421,D143465
1168,DB00958,D208550
1169,DB00958,D109100
1170,DB00958,D146850
1171,DB00958,D147540
1172,DB00958,D276300
1173,DB00958,D140600
1174,DB01210,D137750
1175,DB01210,D601682
1176,DB01210,D137760
1177,DB01232,D109350
1178,DB01232,D157300
1179,DB00523,D215140
1180,DB00523,D608622
1181,DB00523,D161900
1182,DB00264,D608583
1183,DB00264,D607554
1184,DB00264,D110100
1185,DB00264,D608622
1186,DB00264,D157700
1187,DB00264,D161900
1188,DB00264,D190300
1189,DB00764,D171300
1190,DB00376,D115000
1191,DB01109,D114580
1192,DB01109,D212050
1193,DB00211,D157700
1194,DB00211,D252320
1195,DB00211,D146500
1196,DB00490,D125853
1197,DB00490,D125850
1198,DB00490,D125851
1199,DB00490,D600496
1200,DB00414,D230800
1201,DB01016,D604416
1202,DB00346,D104130
1203,DB00346,D608622
1204,DB00346,D161900
1205,DB00928,D140600
1206,DB00928,D190310
1207,DB00305,D109800
1208,DB00305,D137215
1209,DB01203,D236000
1210,DB01203,D147530
1211,DB01203,D601626
1212,DB01203,D109543
1213,DB01203,D247640
1214,DB01203,D126200
1215,DB01203,D176807
1216,DB01203,D267730
1217,DB00744,D107650
1218,DB00744,D143465
1219,DB00744,D136200
1220,DB00744,D126200
1221,DB00687,D608622
1222,DB00687,D146255
1223,DB00687,D161900
1224,DB00763,D208550
1225,DB00763,D600807
1226,DB00763,D233810
1227,DB00470,D208550
1228,DB00470,D600807
1229,DB00470,D210050
1230,DB00295,D147530
1231,DB00218,D208550
1232,DB00458,D147530
1233,DB00458,D140600
1234,DB01202,D110100
1235,DB01202,D608622
1236,DB01202,D157700
1237,DB01202,D161900
1238,DB01202,D190300
1239,DB01202,D190310
1240,DB00843,D147530
1241,DB00697,D103780
1242,DB00787,D208230
1243,DB00787,D133600
1244,DB00787,D133690
1245,DB00787,D145590
1246,DB00787,D147530
1247,DB00787,D150600
1248,DB00787,D157300
1249,DB00787,D252320
1250,DB00787,D165720
1251,DB00787,D140600
1252,DB00787,D607850
1253,DB00787,D607459
1254,DB00949,D157300
1255,DB00727,D125853
1256,DB00727,D125850
1257,DB00727,D125851
1258,DB00727,D600496
1259,DB04844,D110100
1260,DB04844,D608622
1261,DB04844,D157700
1262,DB04844,D161900
1263,DB00715,D208550
1264,DB00715,D600807
1265,DB01399,D254200
1266,DB01399,D157950
1267,DB00624,D144010
1268,DB00624,D144650
1269,DB00620,D608622
1270,DB00620,D161900
1271,DB01113,D608622
1272,DB01113,D179600
1273,DB01113,D161900
1274,DB00390,D125310
1275,DB00390,D601367
1276,DB00399,D608622
1277,DB00399,D179600
1278,DB00399,D161900
1279,DB00724,D189800
1280,DB00724,D179600
1281,DB00324,D608622
1282,DB00324,D161900
1283,DB00584,D109350
1284,DB00584,D600263
1285,DB00584,D304790
1286,DB00584,D190310
1287,DB00367,D146500
1288,DB00716,D102500
1289,DB00716,D215470
1290,DB00716,D131200
1291,DB00716,D184700
1292,DB00716,D604416
1293,DB00716,D192000
1294,DB00956,D131200
1295,DB00956,D604416
1296,DB00956,D192000
1297,DB00537,D143465
1298,DB00537,D600631
1299,DB00537,D600808
1300,DB00537,D147530
1301,DB00537,D252320
1302,DB00537,D167870
1303,DB00104,D125852
1304,DB01162,D600263
1305,DB01162,D166760
1306,DB00333,D300494
1307,DB00333,D164230
1308,DB00333,D181500
1309,DB00275,D608622
1310,DB00275,D161900
1311,DB00337,D109350
1312,DB00337,D600263
1313,DB00337,D304790
1314,DB00337,D190310
1315,DB00903,D103780
1316,DB00903,D145590
1317,DB00903,D164230
1318,DB00814,D208550
1319,DB00814,D600807
1320,DB00814,D210050
1321,DB01080,D303110
1322,DB01080,D601665
1323,DB01080,D264120
1324,DB01170,D200170
1325,DB01170,D147530
1326,DB01170,D157300
1327,DB01170,D160750
1328,DB00990,D208230
1329,DB00990,D165720
1330,DB00990,D140600
1331,DB00990,D607850
1332,DB00990,D607459
1333,DB00775,D208700
1334,DB00775,D217200
1335,DB00775,D600131
1336,DB00775,D607681
1337,DB00775,D607628
1338,DB00775,D604827
1339,DB00775,D607682
1340,DB00775,D607631
1341,DB00775,D608105
1342,DB00775,D300491
1343,DB00775,D267740
1344,DB01058,D144110
1345,DB00494,D147530
1346,DB01189,D147530
1347,DB01228,D114480
1348,DB01228,D148000
1349,DB01228,D194070
1350,DB01262,D181500
1351,DB02546,D115300
1352,DB02546,D277350
1353,DB00282,D102400
1354,DB00282,D102500
1355,DB00282,D114480
1356,DB00282,D143880
1357,DB00282,D167320
1358,DB00282,D276300
1359,DB00282,D254500
1360,DB00282,D166300
1361,DB00282,D166710
1362,DB00213,D109350
1363,DB00213,D600263
1364,DB00213,D190310
1365,DB01110,D115000
1366,DB01110,D260570
1367,DB01110,D179600
1368,DB00714,D131300
1369,DB00714,D252320
1370,DB00714,D164230
1371,DB00714,D167870
1372,DB00641,D276300
1373,DB01356,D608622
1374,DB01356,D161900
1375,DB00651,D147530
1376,DB00682,D147530
1377,DB00550,D276300
1378,DB00804,D125310
1379,DB00804,D540000
1380,DB00804,D601367
1381,DB00804,D188050
1382,DB01185,D168100
1383,DB01185,D168600
1384,DB00788,D125310
1385,DB00788,D608320
1386,DB00788,D146255
1387,DB01577,D303110
1388,DB01577,D601665
1389,DB01577,D264120
1390,DB01173,D208085
1391,DB01173,D217200
1392,DB01173,D218800
1393,DB01173,D237500
1394,DB01173,D226150
1395,DB01173,D121200
1396,DB01173,D121201
1397,DB01173,D608217
1398,DB01173,D143500
1399,DB01173,D237450
1400,DB01173,D308600
1401,DB01173,D190310
1402,DB00924,D171300
1403,DB00191,D303110
1404,DB00191,D601665
1405,DB00191,D264120
1406,DB00691,D231200
1407,DB00691,D608622
1408,DB00691,D155100
1409,DB00691,D171300
1410,DB00691,D161900
1411,DB00691,D273800
1412,DB00387,D137750
1413,DB00387,D601682
1414,DB00387,D137760
1415,DB00387,D145590
1416,DB00387,D147540
1417,DB00387,D146500
1418,DB00387,D608088
1419,DB00396,D303110
1420,DB00396,D147540
1421,DB00396,D608088
1422,DB00396,D601665
1423,DB00396,D264120
1424,DB00252,D104130
1425,DB00252,D115000
1426,DB00252,D217200
1427,DB00252,D165199
1428,DB01083,D161900
1429,DB00335,D603165
1430,DB00335,D233810
1431,DB00959,D608622
1432,DB00959,D161900
1433,DB01129,D125853
1434,DB01129,D125850
1435,DB01129,D125851
1436,DB01129,D600496
1437,DB01275,D208550
1438,DB01275,D600807
1439,DB00552,D208230
1440,DB00552,D165720
1441,DB00552,D140600
1442,DB00552,D607850
1443,DB00552,D607459
1444,DB00706,D133239
1445,DB00731,D254200
1446,DB00412,D125320
1447,DB00412,D168100
1448,DB00412,D168600
1449,DB00412,D102300
1450,DB00175,D144010
1451,DB00175,D601367
1452,DB01050,D181460
1453,DB00454,D200170
1454,DB00454,D608622
1455,DB00454,D147530
1456,DB00454,D157950
1457,DB00454,D600082
1458,DB00454,D179600
1459,DB00454,D161900
1460,DB00853,D600351
1461,DB00853,D215140
1462,DB00853,D146850
1463,DB00853,D304790
1464,DB00853,D147540
1465,DB00853,D276300
1466,DB00853,D126200
1467,DB00631,D205700
1468,DB00631,D208550
1469,DB00631,D208920
1470,DB00631,D109100
1471,DB00631,D125600
1472,DB00631,D223350
1473,DB00631,D600351
1474,DB00631,D133600
1475,DB00631,D233810
1476,DB00631,D143880
1477,DB00631,D146850
1478,DB00631,D304790
1479,DB00631,D147540
1480,DB00631,D151590
1481,DB00631,D247640
1482,DB00631,D157300
1483,DB00631,D276300
1484,DB00631,D126200
1485,DB00631,D254400
1486,DB00631,D181000
1487,DB00631,D152700
1488,DB00631,D188030
1489,DB00230,D147530
1490,DB00230,D165199
1491,DB00230,D102300
1492,DB00749,D147530
1493,DB00790,D208700
1494,DB00790,D217200
1495,DB00790,D121201
1496,DB00790,D132090
1497,DB00790,D600131
1498,DB00790,D607681
1499,DB00790,D607628
1500,DB00790,D604827
1501,DB00790,D607682
1502,DB00790,D607631
1503,DB00790,D132100
1504,DB00790,D132300
1505,DB00790,D608105
1506,DB00790,D300491
1507,DB00790,D267740
1508,DB00790,D190300
1509,DB00790,D190310
1510,DB01033,D608583
1511,DB01033,D607554
1512,DB01033,D115000
1513,DB00717,D147530
1514,DB00428,D225755
1515,DB00428,D608033
1516,DB00428,D225740
1517,DB00428,D145590
1518,DB00428,D260970
1519,DB00428,D182830
1520,DB00385,D125320
1521,DB00385,D168100
1522,DB00385,D168600
1523,DB00394,D217200
1524,DB01068,D147540
1525,DB01068,D158280
1526,DB01068,D608088
1527,DB01181,D607554
1528,DB00644,D147530
1529,DB00570,D110100
1530,DB00570,D115000
1531,DB00570,D140850
1532,DB00570,D608622
1533,DB00570,D157300
1534,DB00570,D300125
1535,DB00570,D157700
1536,DB00570,D171300
1537,DB00570,D161900
1538,DB00570,D190300
1539,DB00549,D275000
1540,DB00851,D208550
1541,DB00851,D600807
1542,DB00851,D145590
1543,DB00851,D608088
1544,DB00544,D252320
1545,DB00544,D254200
1546,DB00114,D217200
1547,DB00114,D239350
1548,DB00165,D217200
1549,DB00165,D239350
1550,DB01223,D164230
1551,DB01223,D181500
1552,DB00880,D608622
1553,DB00880,D146255
1554,DB00880,D161900
1555,DB00907,D608583
1556,DB00907,D607554
1557,DB00907,D115000
1558,DB00465,D200170
1559,DB01128,D109350
1560,DB01128,D600263
1561,DB01128,D190310
1562,DB00480,D102500
1563,DB00480,D114480
1564,DB00480,D166710
1565,DB00178,D608622
1566,DB00178,D146255
1567,DB00178,D161900
1568,DB00861,D109350
1569,DB00861,D304790
1570,DB00861,D190310
1571,DB01364,D168100
1572,DB01364,D168600
1573,DB00898,D147530
1574,DB00909,D125853
1575,DB00909,D125850
1576,DB00909,D125851
1577,DB00909,D600496
1578,DB00206,D608622
1579,DB00206,D161900
1580,DB00140,D145590
1581,DB01043,D246300
1582,DB00883,D102500
1583,DB00883,D167320
1584,DB00883,D166710
1585,DB00883,D602080
1586,DB00733,D300494
1587,DB00733,D225755
1588,DB00733,D608033
1589,DB00733,D225740
1590,DB00733,D137580
1591,DB00733,D260970
1592,DB00733,D181500
1593,DB00733,D182830
1594,DB00988,D605055
1595,DB00988,D104300
1596,DB00988,D125320
1597,DB00988,D168100
1598,DB00952,D157300
1599,DB00532,D157300
1600,DB00268,D125320
1601,DB00268,D168100
1602,DB00268,D168600
1603,DB00268,D102300
1604,DB00408,D125853
1605,DB00408,D125850
1606,DB00408,D125851
1607,DB00408,D600496
1608,DB01095,D144010
1609,DB00999,D208550
1610,DB00999,D600807
1611,DB00933,D106400
1612,DB00933,D125600
1613,DB00933,D147530
1614,DB00933,D604416
1615,DB00937,D208550
1616,DB00937,D600807
1617,DB00017,D143880
1618,DB00017,D167320
1619,DB00017,D166710
1620,DB00017,D602080
1621,DB01395,D145590
1622,DB01395,D147530
1623,DB01231,D109100
1624,DB00745,D107550
1625,DB00745,D125320
1626,DB00745,D226150
1627,DB00745,D158280
1628,DB00745,D168100
1629,DB00745,D168600
1630,DB00745,D190310
1631,DB00010,D604416
1632,DB01101,D131300
1633,DB01101,D252320
1634,DB01101,D164230
1635,DB01101,D167870
1636,DB01104,D303110
1637,DB01104,D601665
1638,DB01104,D264120
1639,DB00203,D178600
1640,DB00203,D161900
1641,DB00640,D144010
1642,DB01260,D125853
1643,DB01260,D125850
1644,DB01260,D125851
1645,DB01260,D600496
1646,DB00461,D192200
1647,DB00397,D114550
1648,DB00397,D605839
1649,DB00397,D144700
1650,DB00397,D188470
1651,DB00484,D608583
1652,DB00484,D607554
1653,DB00419,D104130
1654,DB00419,D208300
1655,DB00419,D600351
1656,DB00419,D215140
1657,DB00419,D608622
1658,DB00419,D604416
1659,DB00419,D161900
1660,DB00424,D236000
1661,DB00363,D109350
1662,DB00363,D161900
1663,DB00363,D190310
1664,DB00794,D104130
1665,DB00794,D266600
1666,DB00604,D175100
1667,DB00604,D208230
1668,DB00604,D133690
1669,DB00604,D147530
1670,DB00604,D165720
1671,DB00604,D140600
1672,DB00604,D607850
1673,DB00604,D607459
1674,DB00668,D157300
1675,DB00668,D300125
1676,DB01267,D605839
1677,DB01267,D144700
1678,DB00381,D605055
1679,DB00381,D104300
1680,DB00381,D125320
1681,DB00863,D603165
1682,DB00819,D178600
1683,DB00819,D161900
1684,DB00674,D114480
1685,DB00674,D174800
1686,DB00704,D200170
1687,DB00704,D147530
1688,DB00704,D310468
1689,DB00704,D600082
1690,DB00963,D608622
1691,DB00963,D145500
1692,DB00963,D161900
1693,DB00852,D155601
1694,DB00852,D155600
1695,DB00852,D276300
1696,DB06285,D605839
1697,DB06285,D144700
1698,DB00443,D223350
1699,DB00443,D236000
1700,DB00443,D109543
1701,DB00443,D247640
1702,DB00443,D267730
1703,DB00443,D182280
1704,DB01161,D200170
1705,DB01161,D144110
1706,DB01161,D608622
1707,DB01161,D147530
1708,DB01161,D157950
1709,DB01161,D600082
1710,DB01161,D161900
1711,DB00869,D208550
1712,DB00869,D600807
1713,DB00869,D210050
1714,DB00338,D147540
1715,DB05259,D102500
1716,DB05259,D606842
1717,DB05259,D166710
1718,DB00623,D114480
1719,DB00623,D215470
1720,DB00623,D241100
1721,DB04272,D143100
1722,DB00758,D137400
1723,DB00758,D600263
1724,DB00758,D604416
1725,DB01039,D246300
1726,DB01039,D254500
1727,DB00277,D208550
1728,DB00277,D600807
1729,DB00277,D210050
1730,DB00351,D601626
1731,DB00678,D181500
1732,DB01590,D181500
1733,DB00905,D217200
1734,DB00208,D188050
1735,DB01132,D167320
1736,DB01132,D602080
1737,DB00371,D137750
1738,DB00371,D601682
1739,DB00371,D137760
1740,DB00371,D608622
1741,DB00371,D157300
1742,DB00371,D300125
1743,DB00371,D161900
1744,DB00773,D608320
1745,DB00696,D200170
1746,DB00696,D601042
1747,DB00696,D157300
1748,DB00696,D160750
1749,DB00696,D190400
1750,DB00831,D125853
1751,DB00831,D125850
1752,DB00831,D125851
1753,DB00831,D600496
1754,DB01122,D125853
1755,DB01122,D125850
1756,DB01122,D125851
1757,DB01122,D600496
1758,DB00321,D168100
1759,DB00321,D168600
1760,DB00499,D208230
1761,DB00499,D165720
1762,DB00499,D140600
1763,DB00499,D607850
1764,DB00499,D607459
1765,DB00273,D607499
1766,DB00273,D308350
1767,DB00273,D147530
1768,DB00273,D157300
1769,DB00273,D300125
1770,DB00273,D605021
1771,DB00273,D264120
1772,DB01029,D276300
1773,DB01029,D182280
1774,DB00214,D208300
1775,DB00214,D600351
1776,DB00214,D215140
1777,DB00214,D608622
1778,DB00214,D146255
1779,DB00214,D166300
1780,DB00214,D161900
1781,DB00193,D147530
1782,DB00193,D102300
1783,DB00515,D608622
1784,DB00515,D146255
1785,DB00515,D161900
1786,DB00302,D227300
1787,DB00302,D134430
1788,DB00302,D134510
1789,DB00302,D134500
1790,DB00302,D134520
1791,DB00287,D137750
1792,DB00287,D601682
1793,DB00287,D137760
1794,DB00287,D161900
1795,DB00373,D178600
1796,DB00373,D161900
1797,DB00754,D145100
1798,DB00754,D145200
1799,DB00754,D182000
1800,DB00754,D151590
1801,DB00754,D276300
1802,DB00754,D604416
1803,DB00619,D104130
1804,DB00619,D208550
1805,DB00619,D114580
1806,DB00619,D223350
1807,DB00619,D133600
1808,DB00619,D147540
1809,DB00619,D148100
1810,DB00619,D151590
1811,DB00619,D165199
1812,DB00619,D173200
1813,DB00619,D181000
1814,DB00619,D152700
1815,DB00619,D188030
1816,DB00382,D203700
1817,DB00382,D208300
1818,DB00382,D210050
1819,DB00382,D600351
1820,DB00382,D215140
1821,DB00829,D181500
1822,DB00502,D145590
1823,DB00502,D147530
1824,DB00374,D168100
1825,DB00437,D208550
1826,DB00437,D166760
1827,DB00437,D604416
1828,DB01156,D109100
1829,DB03796,D173200
1830,DB00575,D208230
1831,DB00575,D165720
1832,DB00575,D140600
1833,DB00575,D607850
1834,DB00575,D607459
1835,DB00313,D104130
1836,DB00313,D605055
1837,DB00313,D104300
1838,DB00313,D217200
1839,DB00313,D125320
1840,DB00313,D239350
1841,DB00313,D181500
1842,DB00384,D109800
1843,DB00177,D608622
1844,DB00177,D161900
1845,DB00067,D125700
1846,DB00067,D304900
1847,DB00285,D143465
1848,DB00285,D607499
1849,DB00285,D131300
1850,DB00285,D147530
1851,DB00285,D164230
1852,DB00285,D167870
1853,DB00659,D200170
1854,DB00659,D608583
1855,DB00659,D607554
1856,DB00659,D115000
1857,DB00659,D115195
1858,DB00659,D608622
1859,DB00659,D157300
1860,DB00659,D161900
1861,DB01076,D217200
1862,DB01076,D308350
1863,DB01076,D605021
1864,DB00569,D114480
1865,DB00569,D236000
1866,DB00569,D148000
1867,DB00569,D276300
1868,DB00569,D254400
1869,DB00569,D273300
1870,DB00569,D188030
1871,DB00540,D223350
1872,DB00540,D236000
1873,DB00540,D246470
1874,DB00540,D601626
1875,DB00540,D109543
1876,DB00540,D247640
1877,DB00540,D276300
1878,DB00540,D254500
1879,DB00540,D256700
1880,DB00540,D267730
1881,DB00540,D268220
1882,DB00540,D601608
1883,DB00540,D194070
1884,DB00357,D236000
1885,DB00162,D115300
1886,DB00162,D277350
1887,DB00126,D240400
1888,DB00126,D206200
1889,DB00126,D250790
1890,DB00163,D200170
1891,DB00163,D605055
1892,DB00163,D104300
1893,DB00163,D125320
1894,DB00163,D606703
1895,DB00163,D230450
1896,DB00163,D231900
1897,DB00163,D266120
1898,DB00163,D277460
1899,DB01677,D276300
1900,DB01677,D254400
1901,DB00679,D107320
1902,DB00679,D608583
1903,DB00679,D607554
1904,DB00679,D125310
1905,DB00679,D540000
1906,DB00679,D601367
1907,DB00548,D208550
1908,DB00741,D208550
1909,DB00741,D600807
1910,DB00246,D137580
1911,DB00246,D181500
1912,DB00398,D102500
1913,DB00398,D143880
1914,DB00398,D167320
1915,DB00398,D605839
1916,DB00398,D276300
1917,DB00398,D254500
1918,DB00398,D602080
1919,DB00313,D157300
1920,DB00908,D208700
1921,DB00908,D217200
1922,DB00908,D600131
1923,DB00908,D607681
1924,DB00908,D607628
1925,DB00908,D604827
1926,DB00908,D607682
1927,DB00908,D607631
1928,DB00908,D608105
1929,DB00908,D300491
1930,DB00908,D239350
1931,DB00908,D267740
1932,DB00908,D190300
